date,px_0931,hi_0930,lo_0930,src
2023-08-01,265.73,266.47,265.36,fmp
2023-08-02,255.07,256.0,255.04,fmp
2023-08-03,253.195,253.22,252.0,fmp
2023-08-04,261.38,262.0,260.86,fmp
2023-08-07,252.64,252.9,251.1681,fmp
2023-08-08,248.73,248.96,247.17,fmp
2023-08-09,249.645,251.1,249.525,fmp
2023-08-10,244.93,245.52,244.53,fmp
2023-08-11,241.12,242.6,241.01,fmp
2023-08-14,234.13,236.04,234.09,fmp
2023-08-15,239.41,239.7898,238.57,fmp
2023-08-16,229.21,229.6,227.45,fmp
2023-08-17,226.025,226.74,225.82,fmp
2023-08-18,215.57,215.6,213.5,fmp
2023-08-21,221.268,221.66,220.95,fmp
2023-08-22,238.69,240.82,238.56,fmp
2023-08-23,231.81,231.94,229.29,fmp
2023-08-24,238.49,238.92,237.38,fmp
2023-08-25,232.442,232.78,230.93,fmp
2023-08-28,243.65,243.96,242.09,fmp
2023-08-29,238.39,239.23,238.23,fmp
2023-08-30,255.21,255.45,254.1,fmp
2023-08-31,256.89,256.9399,255.12,fmp
2023-09-01,258.55,258.5488,256.68,fmp
2023-09-05,246.309,246.3,244.86,fmp
2023-09-06,254.22,255.39,254.11,fmp
2023-09-07,244.152,245.0999,243.7773,fmp
2023-09-08,252.075,252.2,250.31,fmp
2023-09-11,262.15,264.87,261.6787,fmp
2023-09-12,272.16,272.17,270.62,fmp
2023-09-13,269.66,270.46,268.61,fmp
2023-09-14,271.03,272.16,270.42,fmp
2023-09-15,278.9,278.95,277.28,fmp
2023-09-18,270.33,271.44,268.34,fmp
2023-09-19,264.7474,265.29,263.08,fmp
2023-09-20,266.03,267.62,266.03,fmp
2023-09-21,259.625,259.63,257.0,fmp
2023-09-22,256.6294,257.7888,256.53,fmp
2023-09-25,242.54,243.65,242.52,fmp
2023-09-26,243.504,243.6999,242.18,fmp
2023-09-27,244.17,244.95,243.8,fmp
2023-09-28,239.0,240.38,238.65,fmp
2023-09-29,248.89,250.2988,248.75,fmp
2023-10-02,245.322,245.55,243.57,fmp
2023-10-03,248.16,249.02,247.81,fmp
2023-10-04,248.25,248.68,247.6,fmp
2023-10-05,259.45,260.36,259.27,fmp
2023-10-06,254.15,254.32,253.33,fmp
2023-10-09,255.69,256.12,255.01,fmp
2023-10-10,258.45,258.98,257.65,fmp
2023-10-11,266.89,267.38,266.18,fmp
2023-10-12,263.35,264.0,262.8,fmp
2023-10-13,259.12,259.6,258.5001,fmp
2023-10-16,249.66,250.68,248.48,fmp
2023-10-17,250.1819,251.08,249.96,fmp
2023-10-18,251.55,252.92,251.44,fmp
2023-10-19,227.22,227.43,224.32,fmp
2023-10-20,215.86,217.18,215.59,fmp
2023-10-23,209.5,210.48,208.82,fmp
2023-10-24,216.0899,216.779,215.7,fmp
2023-10-25,215.09,216.26,215.02,fmp
2023-10-26,211.78,212.49,211.06,fmp
2023-10-27,211.3116,212.18,210.505,fmp
2023-10-30,208.96,209.5,208.3,fmp
2023-10-31,196.82,196.84,195.6,fmp
2023-11-01,203.66,204.73,203.65,fmp
2023-11-02,212.36,213.78,212.26,fmp
2023-11-03,222.5288,222.5529,221.15,fmp
2023-11-06,224.085,224.5,223.41,fmp
2023-11-07,220.2047,220.9598,219.7,fmp
2023-11-08,223.725,224.15,222.9,fmp
2023-11-09,220.06,220.8,219.52,fmp
2023-11-10,208.95,210.1,208.9,fmp
2023-11-13,217.11,217.2,215.4,fmp
2023-11-14,233.87,235.39,233.5,fmp
2023-11-15,237.9868,239.75,237.55,fmp
2023-11-16,239.23,240.12,238.68,fmp
2023-11-17,230.1501,232.11,229.72,fmp
2023-11-20,232.21,234.3215,232.18,fmp
2023-11-21,233.89,235.76,233.84,fmp
2023-11-22,243.45,243.45,241.3,fmp
2023-11-24,233.0241,234.21,232.901,fmp
2023-11-27,237.4099,237.8,236.52,fmp
2023-11-28,237.21,238.08,236.66,fmp
2023-11-29,247.93,249.48,247.79,fmp
2023-11-30,243.4,245.22,243.16,fmp
2023-12-01,234.217,234.2799,233.0,fmp
2023-12-04,235.94,236.7765,235.3335,fmp
2023-12-05,235.18,235.44,233.7,fmp
2023-12-06,244.015,244.23,242.7,fmp
2023-12-07,242.36,242.4499,241.15,fmp
2023-12-08,240.11,240.38,239.2701,fmp
2023-12-11,242.2,243.441,241.9,fmp
2023-12-12,237.175,238.99,237.03,fmp
2023-12-13,235.2175,235.45,234.0,fmp
2023-12-14,242.19,242.34,240.79,fmp
2023-12-15,250.14,252.34,250.12,fmp
2023-12-18,253.8234,254.1,252.95,fmp
2023-12-19,254.315,254.39,253.01,fmp
2023-12-20,255.57,255.8,255.4,fmp
2023-12-21,253.08,253.12,251.57,fmp
2023-12-22,257.34,257.74,255.95,fmp
2023-12-26,254.98,255.16,254.26,fmp
2023-12-27,259.09,259.15,257.52,fmp
2023-12-28,264.58,265.13,263.15,fmp
2023-12-29,254.53,255.19,253.95,fmp
2024-01-02,250.0,250.9,249.52,fmp
2024-01-03,245.41,245.55,243.76,fmp
2024-01-04,239.38,239.71,238.67,fmp
2024-01-05,237.33,237.57,236.11,fmp
2024-01-08,235.65,236.26,235.37,fmp
2024-01-09,238.3627,238.9646,237.75,fmp
2024-01-10,235.15,235.5,234.3,fmp
2024-01-11,228.7119,230.93,228.53,fmp
2024-01-12,220.9499,221.4,219.6,fmp
2024-01-16,215.3488,215.37,214.02,fmp
2024-01-17,214.14,215.38,213.98,fmp
2024-01-18,216.54,217.33,216.0,fmp
2024-01-19,209.28,210.35,209.18,fmp
2024-01-22,212.148,212.4956,211.15,fmp
2024-01-23,212.57,212.8,211.2206,fmp
2024-01-24,211.55,212.36,211.0,fmp
2024-01-25,189.5,189.8,187.77,fmp
2024-01-26,184.94,186.3,184.51,fmp
2024-01-29,185.6502,185.96,185.0081,fmp
2024-01-30,194.5925,195.51,194.57,fmp
2024-01-31,186.424,187.93,186.36,fmp
2024-02-01,188.524,188.86,188.0,fmp
2024-02-02,184.93,185.39,184.21,fmp
2024-02-05,184.2105,184.68,184.02,fmp
2024-02-06,178.47,178.5832,177.11,fmp
2024-02-07,188.1436,188.88,187.35,fmp
2024-02-08,187.7193,189.0,187.66,fmp
2024-02-09,190.0,190.4738,189.83,fmp
2024-02-12,192.8423,193.02,192.04,fmp
2024-02-13,183.8894,184.42,183.63,fmp
2024-02-14,185.26,185.58,184.9501,fmp
2024-02-15,189.6197,189.74,188.8595,fmp
2024-02-16,200.65,202.43,200.5734,fmp
2024-02-20,197.1397,197.67,195.76,fmp
2024-02-21,194.364,194.43,192.7,fmp
2024-02-22,193.1001,194.3,193.04,fmp
2024-02-23,196.3799,196.5099,194.61,fmp
2024-02-26,194.07,194.18,192.0,fmp
2024-02-27,205.18,205.19,203.1,fmp
2024-02-28,200.97,201.35,200.05,fmp
2024-02-29,205.03,205.25,203.6,fmp
2024-03-01,201.13,201.29,200.0,fmp
2024-03-04,197.64,199.75,197.64,fmp
2024-03-05,181.88,183.53,181.75,fmp
2024-03-06,179.58,181.58,179.54,fmp
2024-03-07,175.03,175.2,173.7,fmp
2024-03-08,181.62,182.73,181.3,fmp
2024-03-11,174.82,175.97,174.8,fmp
2024-03-12,177.11,177.96,177.02,fmp
2024-03-13,173.23,173.9,173.0,fmp
2024-03-14,169.99,169.99,167.2,fmp
2024-03-15,164.02,164.13,162.55,fmp
2024-03-18,169.34,170.2,168.57,fmp
2024-03-19,172.38,172.82,172.16,fmp
2024-03-20,172.74,173.17,172.25,fmp
2024-03-21,176.81,176.95,176.06,fmp
2024-03-22,167.82,167.87,166.3,fmp
2024-03-25,169.28,169.69,168.73,fmp
2024-03-26,178.9,179.82,178.38,fmp
2024-03-27,180.07,181.58,179.95,fmp
2024-03-28,177.45,178.12,177.03,fmp
2024-04-01,176.12,176.75,176.05,fmp
2024-04-02,165.67,166.08,164.3,fmp
2024-04-03,164.71,165.63,163.98,fmp
2024-04-04,170.0,170.74,169.8,fmp
2024-04-05,168.9,169.56,168.28,fmp
2024-04-08,168.1,169.68,168.05,fmp
2024-04-09,172.89,173.2,172.47,fmp
2024-04-10,173.63,174.09,172.68,fmp
2024-04-11,173.32,173.36,171.81,fmp
2024-04-12,172.91,172.98,172.21,fmp
2024-04-15,169.68,170.69,169.37,fmp
2024-04-16,155.92,156.9,155.65,fmp
2024-04-17,156.6,157.71,156.51,fmp
2024-04-18,151.49,151.73,151.1,fmp
2024-04-19,149.66,149.77,148.35,fmp
2024-04-22,140.31,141.35,139.62,fmp
2024-04-23,143.01,144.0,142.89,fmp
2024-04-24,164.46,164.57,162.52,fmp
2024-04-25,158.76,159.04,158.36,fmp
2024-04-26,169.44,169.88,168.29,fmp
2024-04-29,186.23,188.49,185.67,fmp
2024-04-30,188.23,188.95,186.77,fmp
2024-05-01,183.46,184.11,181.73,fmp
2024-05-02,183.75,183.79,182.29,fmp
2024-05-03,181.81,182.49,181.59,fmp
2024-05-06,183.41,184.1,183.33,fmp
2024-05-07,182.37,183.26,182.32,fmp
2024-05-08,171.04,171.78,170.68,fmp
2024-05-09,175.06,175.62,174.78,fmp
2024-05-10,172.48,173.06,172.26,fmp
2024-05-13,170.37,170.42,169.4,fmp
2024-05-14,175.7,175.8,174.07,fmp
2024-05-15,178.61,180.0,178.12,fmp
2024-05-16,173.12,174.24,173.13,fmp
2024-05-17,173.23,173.85,173.04,fmp
2024-05-20,177.17,177.75,177.14,fmp
2024-05-21,175.63,176.15,174.71,fmp
2024-05-22,182.59,183.35,182.25,fmp
2024-05-23,180.41,181.9,180.35,fmp
2024-05-24,174.35,174.89,173.81,fmp
2024-05-28,176.1,176.4,175.16,fmp
2024-05-29,174.45,174.56,173.93,fmp
2024-05-30,178.97,179.06,178.18,fmp
2024-05-31,178.23,178.75,178.0,fmp
2024-06-03,177.71,178.37,177.52,fmp
2024-06-04,175.0,175.64,174.42,fmp
2024-06-05,174.56,175.35,174.36,fmp
2024-06-06,175.25,175.37,174.27,fmp
2024-06-07,177.17,177.2,175.94,fmp
2024-06-10,175.87,176.5,175.62,fmp
2024-06-11,174.43,174.6,173.71,fmp
2024-06-12,170.69,171.55,170.18,fmp
2024-06-13,187.4,188.58,186.77,fmp
2024-06-14,185.48,186.0,184.81,fmp
2024-06-17,178.12,178.38,177.58,fmp
2024-06-18,186.6,187.2,186.09,fmp
2024-06-20,184.37,185.21,184.3,fmp
2024-06-21,181.82,182.4,181.6,fmp
2024-06-24,185.65,185.74,184.3,fmp
2024-06-25,184.63,184.75,183.71,fmp
2024-06-26,187.33,187.58,186.36,fmp
2024-06-27,195.58,195.71,194.75,fmp
2024-06-28,200.23,200.3,198.97,fmp
2024-07-01,201.95,202.38,200.85,fmp
2024-07-02,221.14,221.2,218.15,fmp
2024-07-03,235.58,235.6,234.25,fmp
2024-07-05,252.09,252.37,249.61,fmp
2024-07-08,246.96,248.46,246.64,fmp
2024-07-09,250.72,251.86,250.4,fmp
2024-07-10,263.02,263.64,262.06,fmp
2024-07-11,264.42,264.48,263.02,fmp
2024-07-12,236.54,236.93,235.0,fmp
2024-07-15,254.61,256.03,254.22,fmp
2024-07-16,257.47,257.58,254.92,fmp
2024-07-17,254.88,254.97,252.3,fmp
2024-07-18,251.8,252.65,250.54,fmp
2024-07-19,247.42,248.5,246.58,fmp
2024-07-22,244.85,244.97,243.75,fmp
2024-07-23,254.96,255.09,252.85,fmp
2024-07-24,224.38,225.99,224.28,fmp
2024-07-25,218.52,218.73,216.23,fmp
2024-07-26,221.38,222.28,220.85,fmp
2024-07-29,226.82,227.27,224.7,fmp
2024-07-30,230.82,232.41,230.22,fmp
2024-07-31,227.89,228.38,226.79,fmp
2024-08-01,227.72,228.65,227.23,fmp
2024-08-02,214.41,215.03,212.44,fmp
2024-08-05,182.05,185.46,182.0,fmp
2024-08-06,199.77,201.23,199.03,fmp
2024-08-07,200.85,201.32,200.12,fmp
2024-08-08,195.49,196.2,195.09,fmp
2024-08-09,196.41,197.3,196.23,fmp
2024-08-12,198.29,199.26,198.24,fmp
2024-08-13,197.9,198.77,197.53,fmp
2024-08-14,208.04,208.3,207.38,fmp
2024-08-15,206.77,206.78,204.82,fmp
2024-08-16,212.09,212.78,210.8,fmp
2024-08-19,219.27,219.47,217.04,fmp
2024-08-20,225.62,226.25,224.73,fmp
2024-08-21,223.34,223.6,222.41,fmp
2024-08-22,224.78,224.8,223.4,fmp
2024-08-23,214.53,215.41,214.21,fmp
2024-08-26,218.49,219.09,218.29,fmp
2024-08-27,214.4,214.45,212.7,fmp
2024-08-28,210.41,210.86,209.51,fmp
2024-08-29,209.53,210.71,209.51,fmp
2024-08-30,209.64,210.25,208.63,fmp
2024-09-03,216.38,216.69,215.07,fmp
2024-09-04,211.79,212.22,210.57,fmp
2024-09-05,223.74,224.44,223.14,fmp
2024-09-06,233.15,233.6,231.69,fmp
2024-09-09,214.5,216.5,214.13,fmp
2024-09-10,221.11,221.22,219.1,fmp
2024-09-11,223.26,224.55,222.57,fmp
2024-09-12,224.54,225.9,224.01,fmp
2024-09-13,227.19,228.11,226.32,fmp
2024-09-16,228.07,229.79,228.06,fmp
2024-09-17,231.12,231.53,229.41,fmp
2024-09-18,231.24,231.75,229.99,fmp
2024-09-19,233.65,234.47,233.37,fmp
2024-09-20,241.02,241.94,240.81,fmp
2024-09-23,242.18,242.95,241.92,fmp
2024-09-24,253.86,254.5,253.03,fmp
2024-09-25,254.22,254.45,252.28,fmp
2024-09-26,260.86,261.37,259.4,fmp
2024-09-27,257.76,258.3,256.66,fmp
2024-09-30,258.38,259.63,258.1,fmp
2024-10-01,262.68,263.98,262.15,fmp
2024-10-02,247.88,249.89,247.4,fmp
2024-10-03,245.69,246.09,244.48,fmp
2024-10-04,247.53,247.76,246.54,fmp
2024-10-07,248.91,249.83,248.32,fmp
2024-10-08,244.97,245.1,243.04,fmp
2024-10-09,244.14,244.61,243.7,fmp
2024-10-10,240.64,242.37,240.47,fmp
2024-10-11,219.24,220.34,217.5,fmp
2024-10-14,219.84,220.45,219.11,fmp
2024-10-15,221.21,221.25,219.34,fmp
2024-10-16,221.72,221.97,220.77,fmp
2024-10-17,220.22,221.8,220.15,fmp
2024-10-18,221.23,221.32,219.6,fmp
2024-10-21,218.02,219.42,217.85,fmp
2024-10-22,216.24,217.76,216.23,fmp
2024-10-23,217.92,218.2,216.75,fmp
2024-10-24,243.24,245.75,243.11,fmp
2024-10-25,257.69,257.78,255.32,fmp
2024-10-28,269.53,270.9,268.13,fmp
2024-10-29,263.33,264.98,263.28,fmp
2024-10-30,258.72,258.95,257.66,fmp
2024-10-31,259.01,259.23,257.94,fmp
2024-11-01,252.42,253.2,251.68,fmp
2024-11-04,244.69,245.32,244.2,fmp
2024-11-05,247.15,247.4,246.21,fmp
2024-11-06,283.14,285.5,281.45,fmp
2024-11-07,288.46,289.96,288.0,fmp
2024-11-08,299.37,299.88,298.51,fmp
2024-11-11,343.01,346.47,342.75,fmp
2024-11-12,339.25,345.84,339.14,fmp
2024-11-13,336.98,337.2,334.68,fmp
2024-11-14,325.69,328.0,325.16,fmp
2024-11-15,310.29,311.6,310.02,fmp
2024-11-18,337.15,340.76,336.55,fmp
2024-11-19,335.43,336.95,335.16,fmp
2024-11-20,344.66,345.73,343.71,fmp
2024-11-21,344.1,344.85,343.49,fmp
2024-11-22,341.56,343.0,340.8,fmp
2024-11-25,361.69,361.85,359.5,fmp
2024-11-26,340.31,341.5,339.57,fmp
2024-11-27,340.97,342.55,340.55,fmp
2024-11-29,335.43,336.99,334.65,fmp
2024-12-02,354.14,354.89,352.0,fmp
2024-12-03,351.89,352.3,350.76,fmp
2024-12-04,352.68,353.42,351.85,fmp
2024-12-05,363.39,363.9,359.5,fmp
2024-12-06,376.05,377.52,375.7,fmp
2024-12-09,397.46,398.8,396.18,fmp
2024-12-10,392.44,393.13,391.26,fmp
2024-12-11,408.77,409.99,407.42,fmp
2024-12-12,425.11,426.26,422.85,fmp
2024-12-13,418.3,420.37,418.3,fmp
2024-12-16,439.4,441.14,439.23,fmp
2024-12-17,470.42,476.25,470.25,fmp
2024-12-18,465.85,469.11,465.55,fmp
2024-12-19,451.8,452.01,450.1,fmp
2024-12-20,428.25,428.38,424.3,fmp
2024-12-23,430.48,431.94,429.11,fmp
2024-12-24,435.25,436.52,435.25,fmp
2024-12-26,462.99,465.33,461.88,fmp
2024-12-27,447.95,450.0,447.32,fmp
2024-12-30,419.35,420.8,418.11,fmp
2024-12-31,425.44,425.5,422.58,fmp
2025-01-02,389.29,392.73,388.5,cache
2025-01-03,379.8,383.0,379.45,cache
2025-01-06,422.05,423.58,420.44,cache
2025-01-07,405.81,406.84,404.8,cache
2025-01-08,393.37,393.78,391.73,cache
2025-01-10,389.43,392.25,388.9,cache
2025-01-13,381.43,384.51,381.22,cache
2025-01-14,413.22,415.0,412.36,cache
2025-01-15,410.35,410.6,408.5,cache
2025-01-16,420.97,424.0,420.51,cache
2025-01-17,421.73,422.5,420.53,cache
2025-01-21,427.89,433.2,426.58,cache
2025-01-22,419.2,419.86,416.1,cache
2025-01-23,417.51,418.31,415.17,cache
2025-01-24,414.41,415.8,413.86,cache
2025-01-27,396.33,397.09,393.53,cache
2025-01-28,394.76,397.15,394.76,cache
2025-01-29,395.77,396.32,394.08,cache
2025-01-30,411.08,412.5,409.2,cache
2025-01-31,402.96,404.32,401.34,cache
2025-02-03,386.85,386.99,385.32,cache
2025-02-04,384.4,385.15,382.13,cache
2025-02-05,386.6,387.88,386.4,cache
2025-02-06,374.92,375.4,372.0,cache
2025-02-07,371.81,372.15,370.0,cache
2025-02-10,356.28,357.0,355.5,cache
2025-02-11,344.78,345.85,344.0,cache
2025-02-12,332.71,332.89,329.36,cache
2025-02-13,344.03,345.98,343.05,cache
2025-02-14,360.98,361.2,359.5,cache
2025-02-18,353.83,355.56,353.7,cache
2025-02-19,355.4,356.07,353.73,cache
2025-02-20,358.99,362.3,358.96,cache
2025-02-21,352.54,353.7,352.13,cache
2025-02-24,340.23,341.29,337.43,cache
2025-02-25,325.43,327.45,325.1,cache
2025-02-26,303.65,304.7,302.8,cache
2025-02-27,291.72,292.1,290.34,cache
2025-02-28,277.12,277.12,277.0,cache
2025-03-03,298.51,300.79,298.32,cache
2025-03-04,273.53,273.68,270.09,cache
2025-03-05,272.0,273.4,270.5,cache
2025-03-06,268.9,272.12,268.2,cache
2025-03-07,262.19,262.36,258.97,cache
2025-03-10,253.16,253.37,251.57,cache
2025-03-11,224.89,225.87,224.02,cache
2025-03-12,244.63,247.35,244.33,cache
2025-03-13,245.74,248.29,245.12,cache
2025-03-14,246.96,247.88,246.14,cache
2025-03-17,241.79,245.01,241.63,cache
2025-03-18,229.14,229.74,227.1,cache
2025-03-19,231.22,231.64,230.28,cache
2025-03-20,233.04,233.47,232.13,cache
2025-03-21,238.24,238.081,234.985,cache
2025-03-24,257.28,258.53,256.33,cache
2025-03-25,279.91,283.58,279.2,cache
2025-03-26,282.25,283.63,281.32,cache
2025-03-27,274.24,274.57,271.82,cache
2025-03-28,274.31,275.55,274.0,cache
2025-03-31,250.15,250.88,248.93,cache
2025-04-01,262.94,263.84,261.63,cache
2025-04-02,252.23,254.99,251.89,cache
2025-04-03,268.15,268.2,264.0,cache
2025-04-04,258.93,259.78,255.0,cache
2025-04-07,222.63,224.27,222.11,cache
2025-04-08,246.22,246.42,244.52,cache
2025-04-09,226.33,226.5,223.88,cache
2025-04-10,259.57,260.59,258.9,cache
2025-04-11,253.32,253.7,251.23,cache
2025-04-14,260.77,260.95,258.0,cache
2025-04-15,248.06,249.92,247.7,cache
2025-04-16,247.63,248.0,247.06,cache
2025-04-17,242.47,243.89,242.09,cache
2025-04-21,229.57,230.3,228.41,cache
2025-04-22,230.25,231.6,229.87,cache
2025-04-23,251.96,255.19,251.48,cache
2025-04-24,249.51,250.99,249.21,cache
2025-04-25,263.08,263.35,261.34,cache
2025-04-28,288.9,289.22,287.7,cache
2025-04-29,285.27,285.75,284.5,cache
2025-04-30,278.41,280.47,278.2,cache
2025-05-01,283.23,283.4,279.92,cache
2025-05-02,286.81,286.96,284.61,cache
2025-05-05,283.72,284.85,283.38,cache
2025-05-06,272.2,273.4,271.37,cache
2025-05-07,277.02,277.23,276.14,cache
2025-05-08,281.87,282.2,279.44,cache
2025-05-09,292.11,292.62,290.0,cache
2025-05-12,317.08,322.21,316.77,cache
2025-05-13,318.22,320.54,318.07,cache
2025-05-14,340.6,343.1,340.4,cache
2025-05-15,338.66,340.5,338.1,cache
2025-05-16,347.89,348.5,345.5,cache
2025-05-19,338.06,338.48,336.25,cache
2025-05-20,348.58,350.78,347.36,cache
2025-05-21,343.32,344.92,342.25,cache
2025-05-22,332.92,333.57,331.87,cache
2025-05-23,335.75,337.74,335.2,cache
2025-05-27,350.88,351.65,347.32,cache
2025-05-28,362.76,364.89,362.24,cache
2025-05-29,364.96,365.51,363.89,cache
2025-05-30,356.03,357.32,355.28,cache
2025-06-02,342.86,343.3,342.71,cache
2025-06-03,348.08,348.66,346.05,cache
2025-06-04,344.19,345.6,343.33,cache
2025-06-05,323.71,324.55,322.08,cache
2025-06-06,297.58,298.94,295.83,cache
2025-06-09,286.21,286.29,283.95,cache
2025-06-10,314.21,315.09,312.56,cache
2025-06-11,334.0,334.56,332.12,cache
2025-06-12,323.37,324.86,322.77,cache
2025-06-13,314.7,315.99,313.3,cache
2025-06-16,331.59,332.05,329.2,cache
2025-06-17,326.29,327.26,325.0,cache
2025-06-18,316.53,317.5,316.35,cache
2025-06-20,329.89,330.2,327.0,cache
2025-06-23,330.9,331.36,327.4,cache
2025-06-24,352.32,356.24,352.19,cache
2025-06-25,341.88,343.0,341.39,cache
2025-06-26,325.92,327.08,324.47,cache
2025-06-27,322.19,324.57,320.6,cache
2025-06-30,323.93,323.98,319.23,cache
2025-07-01,296.25,298.61,295.91,cache
2025-07-02,311.36,312.64,307.65,cache
2025-07-03,317.21,318.0,316.14,cache
2025-07-07,294.31,294.71,291.03,cache
2025-07-08,297.53,298.0,296.3,cache
2025-07-09,297.02,297.98,296.15,cache
2025-07-10,301.63,302.3,300.0,cache
2025-07-11,307.72,308.71,307.16,cache
2025-07-14,319.02,319.28,316.29,cache
2025-07-15,319.56,321.2,318.9,cache
2025-07-16,313.37,314.0,312.62,cache
2025-07-17,323.31,324.01,322.4,cache
2025-07-18,322.74,323.35,321.42,cache
2025-07-21,337.62,337.8,334.32,cache
2025-07-22,328.5,330.47,328.28,cache
2025-07-23,331.14,331.52,329.3,cache
2025-07-24,308.73,310.15,306.69,cache
2025-07-25,310.34,310.69,308.01,cache
2025-07-28,319.16,319.34,316.71,cache
2025-07-29,324.0,326.25,323.43,cache
2025-07-30,323.0,323.85,322.14,cache
2025-07-31,319.77,320.05,319.4,cache
2025-08-01,306.7,307.66,306.0,cache
2025-08-04,306.57,309.1,306.16,cache
2025-08-05,307.14,310.0,306.94,cache
2025-08-06,307.72,309.0,307.45,cache
2025-08-07,320.04,320.14,318.17,cache
2025-08-08,322.77,323.66,320.98,cache
2025-08-11,339.37,339.66,334.15,cache
2025-08-12,343.29,345.26,342.7,cache
2025-08-13,341.85,342.0,340.24,cache
2025-08-14,336.06,337.96,335.49,cache
2025-08-15,337.7,339.16,337.37,cache
2025-08-18,332.1,332.85,329.59,cache
2025-08-19,336.37,337.27,335.58,cache
2025-08-20,330.0,330.33,328.71,cache
2025-08-21,322.27,323.92,322.07,cache
2025-08-22,320.08,322.61,319.94,cache
2025-08-25,340.46,341.45,338.54,cache
2025-08-26,346.0,346.77,344.29,cache
2025-08-27,352.48,353.98,351.68,cache
2025-08-28,352.43,352.91,350.7,cache
2025-08-29,347.9,348.72,346.92,cache
2025-09-02,326.92,327.05,326.87,cache
2025-09-03,333.4,335.15,333.33,cache
2025-09-04,334.29,336.4,334.17,cache
2025-09-05,350.26,350.95,347.57,cache
2025-09-08,357.37,358.48,354.6,cache
2025-09-09,347.32,350.2,346.9,cache
2025-09-10,349.71,350.56,348.61,cache
2025-09-11,349.34,350.45,348.53,cache
2025-09-12,371.86,373.41,370.25,cache
2025-09-15,420.76,423.7,418.96,cache
2025-09-16,415.55,416.1,413.98,cache
2025-09-17,416.75,416.96,415.2,cache
2025-09-18,427.72,429.64,426.55,cache
2025-09-19,423.89,424.26,421.75,cache
2025-09-22,432.56,433.17,429.3,cache
2025-09-23,437.6,440.97,437.2,cache
2025-09-24,429.3,431.68,429.04,cache
2025-09-25,432.01,435.35,431.26,cache
2025-09-26,427.02,428.39,426.55,cache
2025-09-29,447.31,447.4,443.0,cache
2025-09-30,442.32,443.55,441.5,cache
2025-10-01,443.03,445.91,443.06,cache
2025-10-02,469.11,470.76,467.0,cache
2025-10-03,443.15,444.44,442.29,cache
2025-10-06,442.36,441.92,439.11,cache
2025-10-07,442.58,448.07,442.29,cache
2025-10-08,433.12,437.77,433.05,cache
2025-10-09,431.29,432.11,429.28,cache
2025-10-10,437.81,438.1,435.88,cache
2025-10-13,422.64,423.6,421.39,cache
2025-10-14,424.63,426.83,423.93,cache
2025-10-15,437.71,438.0,434.4,cache
2025-10-16,435.91,436.0,433.89,cache
2025-10-17,424.83,427.2,423.6,cache
2025-10-20,443.88,444.55,442.0,cache
2025-10-21,446.59,447.03,445.2,cache
2025-10-22,444.2,445.4,443.2,cache
2025-10-23,419.22,420.36,417.4,cache
2025-10-24,447.2,451.7,446.08,cache
2025-10-27,439.67,441.22,439.09,cache
2025-10-28,452.85,454.85,452.57,cache
2025-10-29,463.19,464.16,461.35,cache
2025-10-30,450.72,452.18,449.4,cache
2025-10-31,447.2,449.75,446.44,cache
2025-11-03,455.1,456.93,453.82,cache
2025-11-04,453.21,454.8,451.7,cache
2025-11-05,454.14,455.4,451.6,cache
2025-11-06,459.09,461.97,458.36,cache
2025-11-07,434.5,438.0,434.18,cache
2025-11-10,440.05,439.9988,439.25,cache
2025-11-11,438.5,439.66,437.1,cache
2025-11-12,440.45,442.31,440.0,cache
2025-11-13,421.61,423.37,421.44,cache
2025-11-14,389.65,389.79,385.86,cache
2025-11-17,400.36,401.8,398.74,cache
2025-11-18,405.43,407.71,405.14,cache
2025-11-19,403.86,406.53,403.5,cache
2025-11-20,415.15,416.08,414.53,cache
2025-11-21,400.4,402.68,399.25,cache
2025-11-24,405.64,406.07,401.12,cache
2025-11-25,413.24,414.63,412.02,cache
2025-11-26,424.85,424.81,422.275,cache
2025-12-01,427.06,427.37,425.23,cache
2025-12-02,431.49,432.46,430.5,cache
2025-12-03,432.9,434.7,431.56,cache
2025-12-04,450.83,450.88,448.65,cache
2025-12-05,455.36,455.74,452.97,cache
2025-12-08,446.56,449.04,446.2,cache
2025-12-09,438.2,439.23,437.27,cache
2025-12-10,444.87,446.6,444.31,cache
2025-12-11,446.3,449.27,446.18,cache
2025-12-12,452.26,452.46,448.01,cache
2025-12-15,473.56,474.69,467.7,cache
2025-12-16,472.23,473.49,470.95,cache
2025-12-17,492.02,492.7,487.17,cache
2025-12-18,479.88,480.25,477.5,cache
2025-12-19,488.48,490.49,487.02,cache
2025-12-22,489.26,489.43,489.25,cache
2025-12-23,491.76,491.88,489.04,cache
2025-12-24,489.16,490.9,487.83,cache
2025-12-26,486.77,487.25,484.7,cache
2025-12-29,467.53,469.35,466.1,cache
2025-12-30,460.2,462.0,459.42,cache
2025-12-31,455.46,456.54,454.83,cache
2026-01-02,457.73,458.34,456.0,cache
2026-01-05,446.88,447.25,446.9,cache
2026-01-06,443.12,444.27,444.15,cache
2026-01-07,433.53,435.97,433.32,cache
2026-01-08,425.5,428.85,425.35,cache
2026-01-09,432.72,436.01,432.5,cache
2026-01-12,439.17,441.53,438.51,cache
2026-01-13,450.16,450.44,448.5,cache
2026-01-14,439.88,439.93,439.29,cache
2026-01-15,443.43,444.46,440.86,cache
2026-01-16,442.21,442.34,439.18,cache
2026-01-20,426.83,430.66,426.66,cache
2026-01-21,421.08,421.76,419.64,cache
2026-01-22,434.7,435.23,433.61,cache
2026-01-23,447.67,449.56,447.42,cache
2026-01-26,442.64,445.06,442.15,cache
2026-01-27,435.97,437.48,435.2,cache
2026-01-28,432.91,433.5,431.2,cache
2026-01-29,436.97,438.83,435.61,cache
2026-01-30,429.3,429.64,423.5,cache
2026-02-02,417.59,421.68,417.1,cache
2026-02-03,423.1,423.92,422.55,cache
2026-02-04,418.87,421.0,418.59,cache
2026-02-05,397.17,398.41,396.14,cache
2026-02-06,398.9,401.15,398.16,cache
2026-02-09,409.97,410.97,408.83,cache
2026-02-10,421.36,421.98,417.0,cache
2026-02-11,431.0,431.15,427.93,cache
2026-02-13,414.72,415.56,412.41,cache
2026-02-17,409.26,413.69,409.11,cache
2026-02-18,411.59,412.03,409.75,cache
2026-02-19,406.03,407.36,405.43,cache
2026-02-20,407.16,408.52,405.5,cache
2026-02-23,405.81,407.7,406.39,cache
2026-02-24,400.99,401.23511,399.51,cache
2026-02-26,413.26,416.81,413.11,cache
2026-02-27,402.81,404.49,402.01,cache
2026-03-02,389.48,391.79,388.74,cache
2026-03-03,394.46,395.09,392.63,cache
2026-03-04,397.6,398.02,394.55,cache
2026-03-05,401.33,402.31,400.3,cache
2026-03-06,396.67,398.31,395.57,cache
2026-03-09,392.05,392.2,389.57,cache
2026-03-10,403.97,404.31,401.12,cache
2026-03-11,404.03,404.81,402.11,cache
2026-03-12,404.64,406.39,404.24,cache
2026-03-13,398.35,400.2,397.89,cache
2026-03-16,397.1,397.31,394.95,cache
2026-03-17,394.24,395.89,392.99,cache
2026-03-18,400.63,401.52,399.01,cache
2026-03-19,382.9,387.27,382.08,cache
2026-03-20,376.83,379.87,376.71,cache
2026-03-23,375.87,376.8,372.73,cache
2026-03-24,379.69,379.71,376.3,cache
2026-03-25,390.33,392.39,389.3,cache
2026-03-26,382.23,382.8,381.34,cache
2026-03-27,369.54,369.85,367.85,cache
2026-03-30,363.8,365.95,363.78,cache
2026-03-31,362.24,363.29,361.0,cache
2026-04-01,376.74,378.72,376.78,cache
2026-04-02,366.1,367.28,363.66,cache
2026-04-06,364.67,364.71,361.48,cache
2026-04-07,347.38,347.65,344.85,cache
2026-04-08,359.39,364.5,358.76,cache
2026-04-09,342.69,344.12,342.08,cache
2026-04-10,347.73499,347.29,345.06,cache
2026-04-13,349.8,349.89,349.55,cache
2026-04-14,359.18,357.84,356.0,cache
2026-04-15,364.43,366.84,362.5,cache
2026-04-17,394.66,396.39,392.48,cache
2026-04-20,405.6,406.76,401.54,cache
2026-04-21,391.46,393.34,391.2,cache
2026-04-22,386.59,387.7,385.3,cache
2026-04-23,372.64,375.6,371.18,cache
2026-04-24,374.29,374.45,370.68,cache
2026-04-27,368.15,372.19,367.75,cache
2026-04-28,376.0,377.07,372.55,cache
2026-04-29,374.79,376.02,374.08,cache
2026-04-30,371.0,373.0,370.5,cache
2026-05-01,385.34,386.07,381.67,cache
2026-05-04,388.2,392.3,387.87,cache
2026-05-05,396.03,398.29,393.93,cache
2026-05-06,385.01,386.25,384.02,cache
2026-05-07,408.61,409.53,407.51999,cache
2026-05-08,419.4,420.01,416.45,cache
2026-05-11,423.44,425.31,421.53,cache
2026-05-12,441.63,444.88,440.64,cache
2026-05-13,438.95,439.64,436.6,cache
2026-05-14,445.3,447.0,444.7,cache
2026-05-15,431.68,434.66,431.6,cache
2026-05-18,419.3,420.4,417.7,cache
2026-05-19,403.13,404.58,401.33,cache
2026-05-20,410.16,410.21,406.92,cache
2026-05-21,421.08,423.36,421.07,cache
2026-05-22,424.05,425.0,422.59,cache
2026-05-26,431.73,433.11,430.0,cache
2026-05-27,443.69,444.7,441.92,cache
2026-05-28,437.12,440.95,436.67,cache
2026-05-29,437.31,440.7,437.05,cache
2026-06-01,424.86,428.93,424.41,cache
2026-06-02,418.58,419.49,417.12,cache
2026-06-03,416.97,419.47,416.0,cache
2026-06-04,419.26,420.58,418.06,cache
2026-06-05,422.59,423.36,420.5,cache
2026-06-08,399.54,399.56,394.71,cache
2026-06-09,414.2,414.28,410.81,cache
2026-06-10,391.65,394.57,391.11,cache
2026-06-11,387.12,388.4,386.0,cache
2026-06-12,400.11,400.41,396.58,cache
2026-06-15,410.81,414.44,409.85,cache
2026-06-16,401.62,404.2,401.81,cache
2026-06-17,401.87,401.9,400.38,cache
2026-06-18,397.75,399.0,397.01,cache
2026-06-22,398.22,398.33,394.41,cache
2026-06-23,389.55,389.63,389.5,cache
2026-06-24,382.47,382.8,378.68,cache
2026-06-25,378.58,379.24,374.57,cache
2026-06-26,371.25,371.59,369.61,cache
2026-06-29,381.35,382.61,379.3,cache
2026-06-30,408.38,409.7,406.13,cache
2026-07-01,425.18,425.15,421.34,cache
2026-07-02,428.68,428.95,426.46,cache
2026-07-06,399.87,399.95001,396.86,cache
2026-07-07,417.77,418.71,416.76,cache
2026-07-08,397.33,399.63,397.35,cache
2026-07-09,394.36,395.51,392.2,cache
2026-07-10,408.81,412.25,408.81,cache
2026-07-13,401.37,405.4,400.24,cache
2026-07-14,397.93,400.28,397.31,cache
2026-07-15,400.94,402.52,399.39,cache
2026-07-16,388.47,392.35,388.44,cache
2026-07-17,381.46,382.28,379.98,cache
2026-07-20,384.18,384.13,384.11,cache
2026-07-21,374.09,374.48,369.96,cache
2026-07-22,377.64,377.465,375.371,fmp
2026-07-23,336.8,342.11,336.82,fmp
2026-07-24,321.0,322.68,320.0,fmp
2026-07-27,314.58,315.15,310.84,fmp
2026-07-28,305.49,307.18,303.85,fmp
2026-07-29,307.05,309.06,306.53,fmp
